PO Number,PO Line Number,SKU,Product Name,Product Family,IsElectronic,COGS,From Port,To Port,Export ETA,Import ETA,To Be Shipped Quantity,Length (cm),Width (cm),Height (cm),Weight (kg),Priority Level,Unmet Penalty
PO1000,1,SKU1009,Gaming Mouse,Electronics,1,35,SG,LA,12/6/2025,30/6/2025,28,18,14,21,17.44,0,500
PO1000,2,SKU1014,Laptop Sleeve,Accessories,0,18,HK,LA,8/6/2025,25/6/2025,9,39,29,12,14.16,1,1000
PO1000,3,SKU1001,Smartphone X,Electronics,1,250,HK,NY,5/6/2025,25/6/2025,43,33,24,13,29.55,2,1000
PO1001,1,SKU1015,Action Camera,Electronics,1,120,SH,LA,9/6/2025,24/6/2025,20,42,11,21,33.29,1,1000
PO1001,2,SKU1005,Bluetooth Speaker,Electronics,1,45,SG,LA,10/6/2025,30/6/2025,31,27,44,44,61.69,2,500
PO1001,3,SKU1018,Digital Clock,Home & Living,1,25,HK,SF,11/6/2025,27/6/2025,37,20,13,44,87.48,0,1000
PO1002,1,SKU1006,Electric Kettle,Appliances,1,40,HK,NY,11/6/2025,24/6/2025,33,28,29,33,41.87,0,1000
PO1002,2,SKU1018,Digital Clock,Home & Living,1,25,HK,NY,11/6/2025,22/6/2025,34,25,14,28,77.84,1,500
PO1002,3,SKU1001,Smartphone X,Electronics,1,250,SH,LA,20/6/2025,10/7/2025,14,23,17,10,7.03,1,200
PO1003,1,SKU1014,Laptop Sleeve,Accessories,0,18,HK,LA,20/6/2025,30/6/2025,27,38,39,39,20.05,0,1000
PO1003,2,SKU1003,Notebook A4,Stationery,0,2,HK,SF,9/6/2025,24/6/2025,31,36,39,42,22.38,0,500
PO1003,3,SKU1005,Bluetooth Speaker,Electronics,1,45,SG,LA,7/6/2025,19/6/2025,22,19,40,16,50.86,0,1000
PO1004,1,SKU1016,Mini Projector,Electronics,1,130,SG,SF,13/6/2025,25/6/2025,10,27,48,35,10.82,0,500
PO1004,2,SKU1012,Hair Dryer,Appliances,1,60,SG,SF,14/6/2025,4/7/2025,27,43,32,23,55.76,2,200
PO1004,3,SKU1005,Bluetooth Speaker,Electronics,1,45,HK,NY,7/6/2025,20/6/2025,26,25,33,21,52.31,0,200
PO1005,1,SKU1006,Electric Kettle,Appliances,1,40,SH,LA,6/6/2025,21/6/2025,17,36,45,45,39.16,2,500
PO1005,2,SKU1011,Wireless Keyboard,Electronics,1,50,SG,NY,20/6/2025,7/7/2025,47,19,47,16,121.22,1,500
PO1005,3,SKU1017,Water Bottle,Accessories,0,12,SG,NY,21/6/2025,2/7/2025,40,36,15,25,106.4,0,1000
PO1006,1,SKU1012,Hair Dryer,Appliances,1,60,HK,NY,18/6/2025,29/6/2025,17,12,12,48,8.98,1,500
PO1006,2,SKU1001,Smartphone X,Electronics,1,250,HK,LA,20/6/2025,9/7/2025,18,19,39,16,53.95,1,1000
PO1006,3,SKU1014,Laptop Sleeve,Accessories,0,18,SG,SF,2/6/2025,19/6/2025,44,43,35,12,26.58,2,500
PO1007,1,SKU1008,Stapler Set,Stationery,0,5,SH,NY,15/6/2025,26/6/2025,30,43,42,12,15.16,2,1000
PO1007,2,SKU1003,Notebook A4,Stationery,0,2,HK,LA,9/6/2025,20/6/2025,16,31,38,47,17.39,2,1000
PO1007,3,SKU1014,Laptop Sleeve,Accessories,0,18,SH,SF,9/6/2025,19/6/2025,43,22,22,32,38.23,2,200
PO1008,1,SKU1015,Action Camera,Electronics,1,120,HK,NY,6/6/2025,18/6/2025,49,35,33,12,76.44,0,200
PO1008,2,SKU1017,Water Bottle,Accessories,0,12,SG,SF,9/6/2025,23/6/2025,47,30,49,30,131.38,1,1000
PO1008,3,SKU1003,Notebook A4,Stationery,0,2,SG,NY,10/6/2025,22/6/2025,21,31,19,21,34.8,0,1000
PO1009,1,SKU1005,Bluetooth Speaker,Electronics,1,45,HK,LA,20/6/2025,1/7/2025,45,29,18,49,132.87,0,1000
PO1009,2,SKU1014,Laptop Sleeve,Accessories,0,18,SG,LA,19/6/2025,4/7/2025,31,42,49,26,46.36,1,500
PO1009,3,SKU1018,Digital Clock,Home & Living,1,25,HK,SF,14/6/2025,4/7/2025,21,23,49,15,59.74,0,1000
PO1010,1,SKU1005,Bluetooth Speaker,Electronics,1,45,HK,SF,19/6/2025,3/7/2025,45,40,37,17,89.38,2,500
PO1010,2,SKU1012,Hair Dryer,Appliances,1,60,HK,NY,1/6/2025,20/6/2025,35,32,27,35,42.54,0,500
PO1010,3,SKU1004,Backpack Pro,Accessories,0,30,HK,SF,14/6/2025,2/7/2025,13,43,11,12,35.85,1,1000
PO1011,1,SKU1001,Smartphone X,Electronics,1,250,SG,NY,1/6/2025,15/6/2025,28,41,23,41,31.88,1,500
PO1011,2,SKU1006,Electric Kettle,Appliances,1,40,HK,SF,15/6/2025,5/7/2025,45,30,30,32,91.7,2,500
PO1011,3,SKU1007,LED Desk Lamp,Home & Living,1,20,SG,LA,13/6/2025,29/6/2025,11,28,41,17,18.3,2,500
PO1012,1,SKU1001,Smartphone X,Electronics,1,250,SH,NY,17/6/2025,3/7/2025,18,25,32,38,22.15,0,500
PO1012,2,SKU1007,LED Desk Lamp,Home & Living,1,20,HK,LA,2/6/2025,12/6/2025,7,22,40,41,11.59,2,1000
PO1012,3,SKU1013,Sticky Notes,Stationery,0,1,SG,LA,6/6/2025,22/6/2025,14,14,29,40,13.42,1,200
PO1013,1,SKU1018,Digital Clock,Home & Living,1,25,HK,LA,9/6/2025,23/6/2025,12,20,42,37,14.89,0,500
PO1013,2,SKU1010,Canvas Tote Bag,Accessories,0,10,HK,LA,2/6/2025,16/6/2025,43,47,18,44,108.48,1,1000
PO1013,3,SKU1002,Coffee Maker,Appliances,1,75,SH,SF,4/6/2025,20/6/2025,18,32,49,16,16.22,0,200
PO1014,1,SKU1012,Hair Dryer,Appliances,1,60,HK,NY,9/6/2025,29/6/2025,22,37,23,11,17.29,0,1000
PO1014,2,SKU1017,Water Bottle,Accessories,0,12,SG,SF,9/6/2025,20/6/2025,39,49,49,10,106.6,1,200
PO1014,3,SKU1014,Laptop Sleeve,Accessories,0,18,SG,NY,19/6/2025,1/7/2025,35,11,46,41,97.65,2,500
PO1015,1,SKU1002,Coffee Maker,Appliances,1,75,HK,LA,19/6/2025,8/7/2025,30,49,19,36,53.96,1,200
PO1015,2,SKU1019,Mechanical Pencil,Stationery,0,3,SG,SF,15/6/2025,1/7/2025,27,29,40,46,72.47,2,1000
PO1015,3,SKU1011,Wireless Keyboard,Electronics,1,50,SG,SF,16/6/2025,5/7/2025,35,25,37,44,63.61,0,200
PO1016,1,SKU1017,Water Bottle,Accessories,0,12,HK,NY,9/6/2025,22/6/2025,25,42,45,43,36.75,1,500
PO1016,2,SKU1017,Water Bottle,Accessories,0,12,SH,LA,1/6/2025,13/6/2025,22,30,39,44,63.36,2,500
PO1016,3,SKU1008,Stapler Set,Stationery,0,5,SG,NY,16/6/2025,2/7/2025,10,32,39,37,16.49,1,200
PO1017,1,SKU1009,Gaming Mouse,Electronics,1,35,HK,LA,7/6/2025,22/6/2025,10,44,14,35,26.8,0,200
PO1017,2,SKU1009,Gaming Mouse,Electronics,1,35,HK,NY,4/6/2025,15/6/2025,30,20,30,29,43.8,1,500
PO1017,3,SKU1013,Sticky Notes,Stationery,0,1,SH,LA,1/6/2025,13/6/2025,22,34,49,14,53.29,1,500
PO1018,1,SKU1006,Electric Kettle,Appliances,1,40,SG,LA,3/6/2025,13/6/2025,44,48,26,31,119.81,0,200
PO1018,2,SKU1018,Digital Clock,Home & Living,1,25,HK,SF,20/6/2025,5/7/2025,35,48,13,39,20.66,1,200
PO1018,3,SKU1011,Wireless Keyboard,Electronics,1,50,HK,NY,13/6/2025,26/6/2025,21,26,40,10,34.41,2,200
PO1019,1,SKU1017,Water Bottle,Accessories,0,12,SH,LA,13/6/2025,25/6/2025,42,44,16,14,119.2,2,1000
PO1019,2,SKU1020,Rice Cooker,Appliances,1,80,HK,LA,10/6/2025,20/6/2025,10,44,28,44,27.86,0,1000
PO1019,3,SKU1015,Action Camera,Electronics,1,120,HK,SF,5/6/2025,18/6/2025,7,36,38,43,9.59,1,1000
PO1020,1,SKU1019,Mechanical Pencil,Stationery,0,3,SG,NY,3/6/2025,20/6/2025,48,16,26,32,62.08,0,500
PO1020,2,SKU1013,Sticky Notes,Stationery,0,1,HK,NY,7/6/2025,22/6/2025,30,43,22,29,67.12,2,500
PO1020,3,SKU1015,Action Camera,Electronics,1,120,HK,LA,5/6/2025,23/6/2025,17,21,33,46,18.79,2,500
PO1021,1,SKU1001,Smartphone X,Electronics,1,250,SG,SF,3/6/2025,16/6/2025,14,20,13,32,28.33,2,500
PO1021,2,SKU1017,Water Bottle,Accessories,0,12,HK,LA,9/6/2025,21/6/2025,43,41,33,14,121.09,2,200
PO1021,3,SKU1003,Notebook A4,Stationery,0,2,SH,SF,15/6/2025,30/6/2025,46,38,15,20,127.83,1,1000
PO1022,1,SKU1019,Mechanical Pencil,Stationery,0,3,HK,NY,12/6/2025,26/6/2025,18,19,22,33,15.15,0,500
PO1022,2,SKU1004,Backpack Pro,Accessories,0,30,SG,SF,2/6/2025,15/6/2025,26,22,47,29,60.23,0,500
PO1022,3,SKU1006,Electric Kettle,Appliances,1,40,SG,NY,6/6/2025,21/6/2025,10,21,38,37,16.24,1,1000
PO1023,1,SKU1012,Hair Dryer,Appliances,1,60,HK,LA,3/6/2025,17/6/2025,10,13,46,41,21.32,0,1000