Week_Year,From Port,To Port,Carrier,Container Type,Available Units,Max Volume (m³),Max Weight (kg),Estimated Transit Time (days),Price (USD)
2025-W23,HK,LA,MAERSK,20FT,1,33,18000,14,2000
2025-W23,HK,LA,MAERSK,40FT,1,66,26500,19,4000
2025-W23,HK,LA,CMA,20FT,2,33,18000,10,2000
2025-W23,HK,LA,CMA,40FT,1,66,26500,19,4000
2025-W23,HK,NY,MAERSK,20FT,2,33,18000,19,2000
2025-W23,HK,NY,MAERSK,40FT,1,66,26500,14,4000
2025-W23,HK,NY,CMA,20FT,1,33,18000,16,2000
2025-W23,HK,NY,CMA,40FT,1,66,26500,18,4000
2025-W23,HK,SF,MAERSK,20FT,3,33,18000,15,2000
2025-W23,HK,SF,MAERSK,40FT,3,66,26500,15,4000
2025-W23,HK,SF,CMA,20FT,3,33,18000,11,2000
2025-W23,HK,SF,CMA,40FT,3,66,26500,14,4000
2025-W23,SH,LA,MAERSK,20FT,3,33,18000,12,2000
2025-W23,SH,LA,MAERSK,40FT,1,66,26500,16,4000
2025-W23,SH,LA,CMA,20FT,3,33,18000,16,2000
2025-W23,SH,LA,CMA,40FT,3,66,26500,12,4000
2025-W23,SH,NY,MAERSK,20FT,1,33,18000,16,2000
2025-W23,SH,NY,MAERSK,40FT,3,66,26500,19,4000
2025-W23,SH,NY,CMA,20FT,3,33,18000,15,2000
2025-W23,SH,NY,CMA,40FT,2,66,26500,17,4000
2025-W23,SH,SF,MAERSK,20FT,2,33,18000,18,2000
2025-W23,SH,SF,MAERSK,40FT,3,66,26500,20,4000
2025-W23,SH,SF,CMA,20FT,3,33,18000,15,2000
2025-W23,SH,SF,CMA,40FT,1,66,26500,13,4000
2025-W23,SG,LA,MAERSK,20FT,2,33,18000,19,2000
2025-W23,SG,LA,MAERSK,40FT,1,66,26500,17,4000
2025-W23,SG,LA,CMA,20FT,2,33,18000,20,2000
2025-W23,SG,LA,CMA,40FT,3,66,26500,13,4000
2025-W23,SG,NY,MAERSK,20FT,1,33,18000,16,2000
2025-W23,SG,NY,MAERSK,40FT,1,66,26500,12,4000
2025-W23,SG,NY,CMA,20FT,3,33,18000,18,2000
2025-W23,SG,NY,CMA,40FT,2,66,26500,10,4000
2025-W23,SG,SF,MAERSK,20FT,3,33,18000,19,2000
2025-W23,SG,SF,MAERSK,40FT,2,66,26500,17,4000
2025-W23,SG,SF,CMA,20FT,3,33,18000,18,2000
2025-W23,SG,SF,CMA,40FT,2,66,26500,18,4000
2025-W24,HK,LA,MAERSK,20FT,2,33,18000,18,2000
2025-W24,HK,LA,MAERSK,40FT,2,66,26500,20,4000
2025-W24,HK,LA,CMA,20FT,1,33,18000,14,2000
2025-W24,HK,LA,CMA,40FT,2,66,26500,11,4000
2025-W24,HK,NY,MAERSK,20FT,1,33,18000,12,2000
2025-W24,HK,NY,MAERSK,40FT,1,66,26500,16,4000
2025-W24,HK,NY,CMA,20FT,3,33,18000,12,2000
2025-W24,HK,NY,CMA,40FT,3,66,26500,13,4000
2025-W24,HK,SF,MAERSK,20FT,1,33,18000,16,2000
2025-W24,HK,SF,MAERSK,40FT,2,66,26500,19,4000
2025-W24,HK,SF,CMA,20FT,3,33,18000,10,2000
2025-W24,HK,SF,CMA,40FT,3,66,26500,16,4000
2025-W24,SH,LA,MAERSK,20FT,3,33,18000,13,2000
2025-W24,SH,LA,MAERSK,40FT,2,66,26500,13,4000
2025-W24,SH,LA,CMA,20FT,2,33,18000,16,2000
2025-W24,SH,LA,CMA,40FT,2,66,26500,10,4000
2025-W24,SH,NY,MAERSK,20FT,3,33,18000,18,2000
2025-W24,SH,NY,MAERSK,40FT,1,66,26500,16,4000
2025-W24,SH,NY,CMA,20FT,3,33,18000,19,2000
2025-W24,SH,NY,CMA,40FT,3,66,26500,10,4000
2025-W24,SH,SF,MAERSK,20FT,2,33,18000,15,2000
2025-W24,SH,SF,MAERSK,40FT,1,66,26500,17,4000
2025-W24,SH,SF,CMA,20FT,2,33,18000,15,2000
2025-W24,SH,SF,CMA,40FT,2,66,26500,14,4000
2025-W24,SG,LA,MAERSK,20FT,1,33,18000,20,2000
2025-W24,SG,LA,MAERSK,40FT,1,66,26500,20,4000
2025-W24,SG,LA,CMA,20FT,1,33,18000,10,2000
2025-W24,SG,LA,CMA,40FT,1,66,26500,13,4000
2025-W24,SG,NY,MAERSK,20FT,3,33,18000,13,2000
2025-W24,SG,NY,MAERSK,40FT,2,66,26500,14,4000
2025-W24,SG,NY,CMA,20FT,2,33,18000,12,2000
2025-W24,SG,NY,CMA,40FT,3,66,26500,19,4000
2025-W24,SG,SF,MAERSK,20FT,3,33,18000,20,2000
2025-W24,SG,SF,MAERSK,40FT,2,66,26500,16,4000
2025-W24,SG,SF,CMA,20FT,3,33,18000,13,2000
2025-W24,SG,SF,CMA,40FT,1,66,26500,19,4000
2025-W25,HK,LA,MAERSK,20FT,1,33,18000,19,2000
2025-W25,HK,LA,MAERSK,40FT,1,66,26500,15,4000
2025-W25,HK,LA,CMA,20FT,3,33,18000,16,2000
2025-W25,HK,LA,CMA,40FT,3,66,26500,15,4000
2025-W25,HK,NY,MAERSK,20FT,2,33,18000,15,2000
2025-W25,HK,NY,MAERSK,40FT,3,66,26500,17,4000
2025-W25,HK,NY,CMA,20FT,3,33,18000,12,2000
2025-W25,HK,NY,CMA,40FT,2,66,26500,12,4000
2025-W25,HK,SF,MAERSK,20FT,2,33,18000,19,2000
2025-W25,HK,SF,MAERSK,40FT,2,66,26500,15,4000
2025-W25,HK,SF,CMA,20FT,1,33,18000,11,2000
2025-W25,HK,SF,CMA,40FT,2,66,26500,17,4000
2025-W25,SH,LA,MAERSK,20FT,2,33,18000,15,2000
2025-W25,SH,LA,MAERSK,40FT,1,66,26500,17,4000
2025-W25,SH,LA,CMA,20FT,1,33,18000,15,2000
2025-W25,SH,LA,CMA,40FT,2,66,26500,15,4000
2025-W25,SH,NY,MAERSK,20FT,1,33,18000,13,2000
2025-W25,SH,NY,MAERSK,40FT,3,66,26500,16,4000
2025-W25,SH,NY,CMA,20FT,2,33,18000,18,2000
2025-W25,SH,NY,CMA,40FT,1,66,26500,17,4000
2025-W25,SH,SF,MAERSK,20FT,3,33,18000,13,2000
2025-W25,SH,SF,MAERSK,40FT,2,66,26500,20,4000
2025-W25,SH,SF,CMA,20FT,3,33,18000,15,2000
2025-W25,SH,SF,CMA,40FT,2,66,26500,18,4000
2025-W25,SG,LA,MAERSK,20FT,2,33,18000,14,2000
2025-W25,SG,LA,MAERSK,40FT,2,66,26500,13,4000
2025-W25,SG,LA,CMA,20FT,1,33,18000,13,2000
2025-W25,SG,LA,CMA,40FT,2,66,26500,11,4000
2025-W25,SG,NY,MAERSK,20FT,2,33,18000,19,2000
2025-W25,SG,NY,MAERSK,40FT,3,66,26500,19,4000
2025-W25,SG,NY,CMA,20FT,2,33,18000,11,2000
2025-W25,SG,NY,CMA,40FT,1,66,26500,14,4000
2025-W25,SG,SF,MAERSK,20FT,1,33,18000,10,2000
2025-W25,SG,SF,MAERSK,40FT,3,66,26500,14,4000
2025-W25,SG,SF,CMA,20FT,3,33,18000,12,2000
2025-W25,SG,SF,CMA,40FT,3,66,26500,17,4000
2025-W26,HK,LA,MAERSK,20FT,1,33,18000,10,2000
2025-W26,HK,LA,MAERSK,40FT,2,66,26500,17,4000
2025-W26,HK,LA,CMA,20FT,1,33,18000,11,2000
2025-W26,HK,LA,CMA,40FT,2,66,26500,17,4000
2025-W26,HK,NY,MAERSK,20FT,2,33,18000,11,2000
2025-W26,HK,NY,MAERSK,40FT,1,66,26500,11,4000
2025-W26,HK,NY,CMA,20FT,3,33,18000,16,2000
2025-W26,HK,NY,CMA,40FT,3,66,26500,19,4000
2025-W26,HK,SF,MAERSK,20FT,2,33,18000,14,2000
2025-W26,HK,SF,MAERSK,40FT,3,66,26500,19,4000
2025-W26,HK,SF,CMA,20FT,1,33,18000,19,2000
2025-W26,HK,SF,CMA,40FT,3,66,26500,11,4000
2025-W26,SH,LA,MAERSK,20FT,1,33,18000,18,2000
2025-W26,SH,LA,MAERSK,40FT,1,66,26500,12,4000
2025-W26,SH,LA,CMA,20FT,1,33,18000,16,2000
2025-W26,SH,LA,CMA,40FT,2,66,26500,19,4000
2025-W26,SH,NY,MAERSK,20FT,1,33,18000,20,2000
2025-W26,SH,NY,MAERSK,40FT,1,66,26500,14,4000
2025-W26,SH,NY,CMA,20FT,3,33,18000,19,2000
2025-W26,SH,NY,CMA,40FT,3,66,26500,13,4000
2025-W26,SH,SF,MAERSK,20FT,1,33,18000,10,2000
2025-W26,SH,SF,MAERSK,40FT,1,66,26500,14,4000
2025-W26,SH,SF,CMA,20FT,3,33,18000,19,2000
2025-W26,SH,SF,CMA,40FT,2,66,26500,17,4000
2025-W26,SG,LA,MAERSK,20FT,3,33,18000,17,2000
2025-W26,SG,LA,MAERSK,40FT,2,66,26500,11,4000
2025-W26,SG,LA,CMA,20FT,3,33,18000,10,2000
2025-W26,SG,LA,CMA,40FT,2,66,26500,15,4000
2025-W26,SG,NY,MAERSK,20FT,1,33,18000,20,2000
2025-W26,SG,NY,MAERSK,40FT,2,66,26500,19,4000
2025-W26,SG,NY,CMA,20FT,1,33,18000,12,2000
2025-W26,SG,NY,CMA,40FT,2,66,26500,18,4000
2025-W26,SG,SF,MAERSK,20FT,1,33,18000,17,2000
2025-W26,SG,SF,MAERSK,40FT,2,66,26500,16,4000
2025-W26,SG,SF,CMA,20FT,2,33,18000,15,2000
2025-W26,SG,SF,CMA,40FT,3,66,26500,11,4000