PO Number,PO Line Number,SKU,Product Name,Product Family,IsElectronic,COGS,From Port,To Port,Export ETA,Import ETA,To Be Shipped Quantity,Length (cm),Width (cm),Height (cm),Weight (kg),Priority Level,Unmet Penalty
PO-A101,1,SKU1001,Smartphone X,Electronics,1,250,HK,LA,11/06/2025,04/07/2025,1516,33,24,13,2.27,0,375.0
PO-A102,1,SKU1015,Action Camera,Electronics,1,120,HK,LA,06/06/2025,27/06/2025,1082,42,11,21,2.13,2,180.0
PO-A103,1,SKU1002,Coffee Maker,Appliances,1,75,HK,LA,25/06/2025,18/07/2025,583,32,49,16,4.52,0,112.5
PO-A104,1,SKU1010,Canvas Tote Bag,Accessories,0,10,HK,LA,12/06/2025,04/07/2025,221,47,18,44,5.21,1,15.0
PO-A105,1,SKU1005,Bluetooth Speaker,Electronics,1,45,HK,LA,26/06/2025,18/07/2025,235,27,44,44,11.5,2,67.5
PO-A106,1,SKU1001,Smartphone X,Electronics,1,250,HK,LA,11/06/2025,04/07/2025,1013,33,24,13,2.27,2,375.0
PO-A107,1,SKU1015,Action Camera,Electronics,1,120,HK,LA,04/06/2025,27/06/2025,935,42,11,21,2.13,1,180.0
PO-A108,1,SKU1002,Coffee Maker,Appliances,1,75,HK,LA,13/06/2025,04/07/2025,403,32,49,16,4.52,0,112.5
PO-A109,1,SKU1010,Canvas Tote Bag,Accessories,0,10,HK,LA,05/06/2025,27/06/2025,275,47,18,44,5.21,1,15.0
PO-A110,1,SKU1005,Bluetooth Speaker,Electronics,1,45,HK,LA,09/06/2025,27/06/2025,300,27,44,44,11.5,2,67.5
PO-A111,1,SKU1001,Smartphone X,Electronics,1,250,HK,LA,05/06/2025,27/06/2025,1198,33,24,13,2.27,2,375.0
PO-A112,1,SKU1015,Action Camera,Electronics,1,120,HK,LA,12/06/2025,04/07/2025,1624,42,11,21,2.13,0,180.0
PO-A113,1,SKU1020,Rice Cooker,Appliances,1,80,SH,LA,11/06/2025,06/07/2025,66,44,28,44,9.76,1,120.0
PO-A114,1,SKU1006,Electric Kettle,Appliances,1,40,SH,LA,18/06/2025,13/07/2025,226,28,29,33,4.82,2,60.0
PO-A115,1,SKU1016,Mini Projector,Electronics,1,130,SH,LA,27/06/2025,20/07/2025,71,27,48,35,9.98,2,195.0
PO-A116,1,SKU1020,Rice Cooker,Appliances,1,80,SH,LA,20/06/2025,13/07/2025,61,44,28,44,9.76,1,120.0
PO-A117,1,SKU1006,Electric Kettle,Appliances,1,40,SH,LA,12/06/2025,06/07/2025,271,28,29,33,4.82,0,60.0
PO-A118,1,SKU1016,Mini Projector,Electronics,1,130,SH,LA,20/06/2025,13/07/2025,159,27,48,35,9.98,0,195.0
PO-A119,1,SKU1003,Notebook A4,Stationery,0,2,SG,NY,18/06/2025,23/07/2025,120,36,39,42,20.64,2,3.0
PO-A120,1,SKU1017,Water Bottle,Accessories,0,12,SG,NY,23/06/2025,23/07/2025,661,36,15,25,1.89,0,18.0
PO-A121,1,SKU1015,Action Camera,Electronics,1,120,SG,NY,05/06/2025,09/07/2025,899,42,11,21,2.13,2,180.0
PO-A122,1,SKU1003,Notebook A4,Stationery,0,2,SG,NY,04/06/2025,09/07/2025,87,36,39,42,20.64,2,3.0
PO-A123,1,SKU1017,Water Bottle,Accessories,0,12,SG,NY,09/06/2025,09/07/2025,676,36,15,25,1.89,2,18.0
PO-A124,1,SKU1015,Action Camera,Electronics,1,120,SG,NY,27/06/2025,30/07/2025,704,42,11,21,2.13,2,180.0
PO-A125,1,SKU1002,Coffee Maker,Appliances,1,75,SH,NY,17/06/2025,27/07/2025,120,32,49,16,4.52,2,112.5
PO-A126,1,SKU1005,Bluetooth Speaker,Electronics,1,45,SH,NY,17/06/2025,27/07/2025,105,27,44,44,11.5,2,67.5
