Week_Year,From Port,To Port,Carrier,Container Type,Available Units,Max Volume (m³),Max Weight (kg),Estimated Transit Time (days),Price (USD)
2025-W23,HK,LA,MAERSK,20FT,2,33.0,18000.0,14,2000
2025-W23,HK,LA,CMA,40FT,2,66.0,26500.0,14,4000
2025-W24,HK,LA,MAERSK,20FT,2,33.0,18000.0,14,2000
2025-W24,HK,LA,CMA,40FT,2,66.0,26500.0,14,4000
2025-W25,HK,LA,MAERSK,20FT,2,33.0,18000.0,14,2000
2025-W25,HK,LA,CMA,40FT,2,66.0,26500.0,14,4000
2025-W26,HK,LA,MAERSK,20FT,2,33.0,18000.0,14,2000
2025-W26,HK,LA,CMA,40FT,2,66.0,26500.0,14,4000
2025-W27,HK,LA,MAERSK,20FT,2,33.0,18000.0,14,2000
2025-W27,HK,LA,CMA,40FT,2,66.0,26500.0,14,4000
2025-W28,HK,LA,MAERSK,20FT,2,33.0,18000.0,14,2000
2025-W28,HK,LA,CMA,40FT,2,66.0,26500.0,14,4000
2025-W29,HK,LA,MAERSK,20FT,2,33.0,18000.0,14,2000
2025-W29,HK,LA,CMA,40FT,2,66.0,26500.0,14,4000
2025-W23,HK,NY,MAERSK,20FT,2,33.0,18000.0,20,2000
2025-W23,HK,NY,CMA,40FT,2,66.0,26500.0,20,4000
2025-W24,HK,NY,MAERSK,20FT,2,33.0,18000.0,20,2000
2025-W24,HK,NY,CMA,40FT,2,66.0,26500.0,20,4000
2025-W25,HK,NY,MAERSK,20FT,2,33.0,18000.0,20,2000
2025-W25,HK,NY,CMA,40FT,2,66.0,26500.0,20,4000
2025-W26,HK,NY,MAERSK,20FT,2,33.0,18000.0,20,2000
2025-W26,HK,NY,CMA,40FT,2,66.0,26500.0,20,4000
2025-W27,HK,NY,MAERSK,20FT,2,33.0,18000.0,20,2000
2025-W27,HK,NY,CMA,40FT,2,66.0,26500.0,20,4000
2025-W28,HK,NY,MAERSK,20FT,2,33.0,18000.0,20,2000
2025-W28,HK,NY,CMA,40FT,2,66.0,26500.0,20,4000
2025-W29,HK,NY,MAERSK,20FT,2,33.0,18000.0,20,2000
2025-W29,HK,NY,CMA,40FT,2,66.0,26500.0,20,4000
2025-W23,SG,SF,MAERSK,20FT,2,33.0,18000.0,16,2000
2025-W23,SG,SF,CMA,40FT,2,66.0,26500.0,16,4000
2025-W24,SG,SF,MAERSK,20FT,2,33.0,18000.0,16,2000
2025-W24,SG,SF,CMA,40FT,2,66.0,26500.0,16,4000
2025-W25,SG,SF,MAERSK,20FT,2,33.0,18000.0,16,2000
2025-W25,SG,SF,CMA,40FT,2,66.0,26500.0,16,4000
2025-W26,SG,SF,MAERSK,20FT,2,33.0,18000.0,16,2000
2025-W26,SG,SF,CMA,40FT,2,66.0,26500.0,16,4000
2025-W27,SG,SF,MAERSK,20FT,2,33.0,18000.0,16,2000
2025-W27,SG,SF,CMA,40FT,2,66.0,26500.0,16,4000
2025-W28,SG,SF,MAERSK,20FT,2,33.0,18000.0,16,2000
2025-W28,SG,SF,CMA,40FT,2,66.0,26500.0,16,4000
2025-W29,SG,SF,MAERSK,20FT,2,33.0,18000.0,16,2000
2025-W29,SG,SF,CMA,40FT,2,66.0,26500.0,16,4000
